{
  "cr6": [
    {
      "q": [
        0.0,
        0.0,
        0.0,
        0.0,
        0.0,
        0.0
      ],
      "tcp_transform": [
        [
          6.123233995736766e-17,
          -6.123233995736766e-17,
          1.0,
          1.4905
        ],
        [
          6.123233995736766e-17,
          1.0,
          6.123233995736765e-17,
          2.7860714680602362e-18
        ],
        [
          -1.0,
          6.123233995736766e-17,
          6.123233995736766e-17,
          1.765
        ],
        [
          0.0,
          0.0,
          0.0,
          1.0
        ]
      ],
      "joint_origins": [
        [
          0.0,
          0.0,
          0.0
        ],
        [
          0.175,
          0.0,
          0.495
        ],
        [
          0.17500000000000004,
          -6.704941225331758e-17,
          1.5899999999999999
        ],
        [
          0.17500000000000004,
          -7.776507174585692e-17,
          1.765
        ],
        [
          1.4055,
          -2.418677428316014e-18,
          1.765
        ],
        [
          1.4055,
          -2.418677428316014e-18,
          1.765
        ]
      ],
      "joint_axes": [
        [
          0.0,
          0.0,
          1.0
        ],
        [
          0.0,
          1.0,
          6.123233995736766e-17
        ],
        [
          0.0,
          1.0,
          6.123233995736766e-17
        ],
        [
          1.0,
          6.123233995736766e-17,
          -6.123233995736766e-17
        ],
        [
          0.0,
          1.0,
          6.123233995736766e-17
        ],
        [
          1.0,
          6.123233995736765e-17,
          6.123233995736766e-17
        ]
      ],
      "jacobian": [
        [
          -2.7860714680602362e-18,
          1.27,
          0.17500000000000004,
          4.932334985229184e-33,
          -3.186989538156447e-34,
          -3.186989538156447e-34
        ],
        [
          1.4905,
          8.055114321391715e-17,
          8.055114321391715e-17,
          -8.055114321391715e-17,
          5.204748896376249e-18,
          5.204748896376249e-18
        ],
        [
          0.0,
          -1.3155,
          -1.3155,
          0.0,
          -0.08499999999999996,
          2.311115933264683e-33
        ],
        [
          0.0,
          0.0,
          0.0,
          1.0,
          0.0,
          1.0
        ],
        [
          0.0,
          1.0,
          1.0,
          6.123233995736766e-17,
          1.0,
          6.123233995736765e-17
        ],
        [
          1.0,
          6.123233995736766e-17,
          6.123233995736766e-17,
          -6.123233995736766e-17,
          6.123233995736766e-17,
          6.123233995736766e-17
        ]
      ],
      "ik_success": true,
      "ik_q": [
        0.0,
        1.539205273101989,
        -2.859050179878303,
        0.0,
        1.3198449067763134,
        0.0
      ],
      "tau_gravity": [
        0.0,
        -1134.9603794375,
        -1134.9603794374998,
        2.031963224043809e-14,
        -18.755218124999992,
        6.799291520085032e-31
      ],
      "qd": [
        1.0,
        -0.5,
        0.8,
        -1.2,
        2.0,
        -0.5
      ],
      "qdd": [
        0.5,
        1.2,
        -0.8,
        1.5,
        -1.0,
        2.5
      ],
      "tau_dynamic": [
        -94.04599598402079,
        -804.343585392917,
        -1037.5405692054167,
        0.009050158125022422,
        -17.36441663249999,
        0.006428390624999929
      ]
    },
    {
      "q": [
        0.1,
        -0.2,
        0.3,
        -0.4,
        0.5,
        -0.6
      ],
      "tcp_transform": [
        [
          -0.3560909844186224,
          -0.4018965072001971,
          0.8436103415179654,
          1.2649960276528518
        ],
        [
          -0.8418815998996689,
          0.5297435232767911,
          -0.10299112241676932,
          0.11097403002487248
        ],
        [
          -0.40550534221653634,
          -0.746894234176817,
          -0.5269861671688125,
          1.574659788266543
        ],
        [
          0.0,
          0.0,
          0.0,
          1.0
        ]
      ],
      "joint_origins": [
        [
          0.0,
          0.0,
          0.0
        ],
        [
          0.17412572892365452,
          0.017470847913194927,
          0.495
        ],
        [
          -0.04233037983756721,
          -0.004247204780254938,
          1.5681729027361597
        ],
        [
          -0.024946813392999333,
          -0.00250303034136359,
          1.7422986316598141
        ],
        [
          1.1932891486238246,
          0.11972827543029788,
          1.619453612475892
        ],
        [
          1.1932891486238246,
          0.11972827543029788,
          1.619453612475892
        ]
      ],
      "joint_axes": [
        [
          0.0,
          0.0,
          1.0
        ],
        [
          -0.09983341664682815,
          0.9950041652780258,
          6.123233995736766e-17
        ],
        [
          -0.09983341664682815,
          0.9950041652780258,
          6.123233995736766e-17
        ],
        [
          0.9900332889206208,
          0.09933466539753066,
          -0.09983341664682824
        ],
        [
          -0.13063540670432258,
          0.9125783054011884,
          -0.38747287263277125
        ],
        [
          0.8436103415179654,
          -0.10299112241676932,
          -0.5269861671688125
        ]
      ],
      "jacobian": [
        [
          -0.11097403002487248,
          1.0742659864084019,
          0.006454478122413068,
          -0.00532354576869991,
          -0.04426990480437892,
          0.0
        ],
        [
          1.2649960276528518,
          0.10778612547884013,
          0.0006476079458951104,
          0.037188634374765356,
          -0.033636129848338026,
          -4.85722573273506e-17
        ],
        [
          0.0,
          -1.094755233151195,
          -1.312298150371787,
          -0.01578997320580118,
          -0.06429452774099044,
          8.673617379884035e-18
        ],
        [
          0.0,
          -0.09983341664682815,
          -0.09983341664682815,
          0.9900332889206208,
          -0.13063540670432258,
          0.8436103415179654
        ],
        [
          0.0,
          0.9950041652780258,
          0.9950041652780258,
          0.09933466539753066,
          0.9125783054011884,
          -0.10299112241676932
        ],
        [
          1.0,
          6.123233995736766e-17,
          6.123233995736766e-17,
          -0.09983341664682824,
          -0.38747287263277125,
          -0.5269861671688125
        ]
      ],
      "ik_success": true,
      "ik_q": [
        0.1,
        -0.19999999999999957,
        0.29999999999999954,
        -0.4,
        0.5,
        -0.6
      ],
      "tau_gravity": [
        0.0,
        -453.00729198193767,
        -1157.0184842051726,
        -3.484051666620073,
        -14.186563435601638,
        1.0207095585412773e-15
      ],
      "qd": [
        1.0,
        -0.5,
        0.8,
        -1.2,
        2.0,
        -0.5
      ],
      "qdd": [
        0.5,
        1.2,
        -0.8,
        1.5,
        -1.0,
        2.5
      ],
      "tau_dynamic": [
        -60.36195363170633,
        -92.0466723045686,
        -1095.894788431422,
        -4.043822036362073,
        -13.463889454532298,
        0.010308782757052163
      ]
    },
    {
      "q": [
        0.5,
        0.5,
        -0.5,
        1.0,
        -1.0,
        0.5
      ],